{
  "project_info": {
    "project_number": "1084360267124",
    "firebase_url": "https://recipe-database-ffd65.firebaseio.com",
    "project_id": "recipe-database-ffd65",
    "storage_bucket": "recipe-database-ffd65.appspot.com"
  },
  "client": [
    {
      "client_info": {
        "mobilesdk_app_id": "1:1084360267124:android:88c3f1824dd53be0d9c821",
        "android_client_info": {
          "package_name": "com.bueng.healthyhelper"
        }
      },
      "oauth_client": [
        {
          "client_id": "1084360267124-6592rg9kr7f8ndfobq5opds1v686mkd4.apps.googleusercontent.com",
          "client_type": 3
        }
      ],
      "api_key": [
        {
          "current_key": "AIzaSyDgX3bZWecAIJhdORR_ijDq2T4zqT4jp1E"
        }
      ],
      "services": {
        "appinvite_service": {
          "other_platform_oauth_client": [
            {
              "client_id": "1084360267124-6592rg9kr7f8ndfobq5opds1v686mkd4.apps.googleusercontent.com",
              "client_type": 3
            }
          ]
        }
      }
    },
    {
      "client_info": {
        "mobilesdk_app_id": "1:1084360267124:android:4a2aa92cb8f8f0e6d9c821",
        "android_client_info": {
          "package_name": "com.bueng.healthyhelpers"
        }
      },
      "oauth_client": [
        {
          "client_id": "1084360267124-6592rg9kr7f8ndfobq5opds1v686mkd4.apps.googleusercontent.com",
          "client_type": 3
        }
      ],
      "api_key": [
        {
          "current_key": "AIzaSyDgX3bZWecAIJhdORR_ijDq2T4zqT4jp1E"
        }
      ],
      "services": {
        "appinvite_service": {
          "other_platform_oauth_client": [
            {
              "client_id": "1084360267124-6592rg9kr7f8ndfobq5opds1v686mkd4.apps.googleusercontent.com",
              "client_type": 3
            }
          ]
        }
      }
    },
    {
      "client_info": {
        "mobilesdk_app_id": "1:1084360267124:android:b2de66841cc602a3d9c821",
        "android_client_info": {
          "package_name": "com.example.projectapp"
        }
      },
      "oauth_client": [
        {
          "client_id": "1084360267124-6592rg9kr7f8ndfobq5opds1v686mkd4.apps.googleusercontent.com",
          "client_type": 3
        }
      ],
      "api_key": [
        {
          "current_key": "AIzaSyDgX3bZWecAIJhdORR_ijDq2T4zqT4jp1E"
        }
      ],
      "services": {
        "appinvite_service": {
          "other_platform_oauth_client": [
            {
              "client_id": "1084360267124-6592rg9kr7f8ndfobq5opds1v686mkd4.apps.googleusercontent.com",
              "client_type": 3
            }
          ]
        }
      }
    }
  ],
  "configuration_version": "1"
}